Price,Close,High,Low,Open,Volume
Ticker,AAPL,AAPL,AAPL,AAPL,AAPL
Datetime,,,,,
2025-05-15 08:00:00+00:00,210.67,210.95,210.61,210.88,0
2025-05-15 08:01:00+00:00,210.93,210.93,210.62,210.67,0
2025-05-15 08:02:00+00:00,211.07,211.09,210.94,210.95,0
2025-05-15 08:03:00+00:00,211.07,211.09,210.97,211.05,0
2025-05-15 08:04:00+00:00,211.16,211.17,211.11,211.12,0
2025-05-15 08:05:00+00:00,211.0,211.16,211.0,211.15,0
2025-05-15 08:06:00+00:00,210.94,210.98,210.85,210.95,0
2025-05-15 08:07:00+00:00,211.08,211.09,210.94,211.0,0
2025-05-15 08:08:00+00:00,211.01,211.05,210.85,211.04,0
2025-05-15 08:09:00+00:00,210.87,210.9,210.87,210.9,0
2025-05-15 08:10:00+00:00,211.14,211.14,210.91,210.91,0
2025-05-15 08:11:00+00:00,211.1,211.14,211.0,211.13,0
2025-05-15 08:12:00+00:00,211.0,211.0,211.0,211.0,0
2025-05-15 08:13:00+00:00,210.89,210.94,210.89,210.94,0
2025-05-15 08:14:00+00:00,211.02,211.02,210.85,210.89,0
2025-05-15 08:16:00+00:00,211.1,211.1,210.88,210.94,0
2025-05-15 08:17:00+00:00,211.13,211.13,211.03,211.13,0
2025-05-15 08:18:00+00:00,211.14,211.14,211.04,211.04,0
2025-05-15 08:20:00+00:00,211.0,211.1,211.0,211.1,0
2025-05-15 08:21:00+00:00,211.0,211.0,211.0,211.0,0
2025-05-15 08:22:00+00:00,210.94,210.96,210.94,210.96,0
2025-05-15 08:23:00+00:00,210.94,210.98,210.91,210.91,0
2025-05-15 08:24:00+00:00,210.91,210.92,210.88,210.9,0
2025-05-15 08:25:00+00:00,210.98,210.98,210.91,210.94,0
2025-05-15 08:26:00+00:00,210.98,211.0,210.97,210.98,0
2025-05-15 08:27:00+00:00,211.04,211.04,210.98,210.98,0
2025-05-15 08:28:00+00:00,210.95,211.0,210.95,210.99,0
2025-05-15 08:29:00+00:00,210.93,210.95,210.91,210.95,0
2025-05-15 08:30:00+00:00,210.87,210.93,210.85,210.9,0
2025-05-15 08:31:00+00:00,210.87,210.91,210.87,210.91,0
2025-05-15 08:32:00+00:00,210.75,210.85,210.75,210.85,0
2025-05-15 08:33:00+00:00,210.79,210.79,210.74,210.79,0
2025-05-15 08:34:00+00:00,210.73,210.73,210.73,210.73,0
2025-05-15 08:35:00+00:00,210.73,210.75,210.73,210.75,0
2025-05-15 08:36:00+00:00,210.73,210.73,210.7,210.73,0
2025-05-15 08:37:00+00:00,210.61,210.64,210.61,210.64,0
2025-05-15 08:38:00+00:00,210.69,210.7,210.59,210.6,0
2025-05-15 08:39:00+00:00,210.57,210.57,210.57,210.57,0
2025-05-15 08:40:00+00:00,210.52,210.65,210.52,210.65,0
2025-05-15 08:41:00+00:00,210.48,210.6,210.48,210.52,0
2025-05-15 08:42:00+00:00,210.33,210.51,210.33,210.51,0
2025-05-15 08:43:00+00:00,210.2,210.31,210.2,210.31,0
2025-05-15 08:44:00+00:00,210.28,210.3,210.1,210.12,0
2025-05-15 08:45:00+00:00,210.35,210.38,210.34,210.34,0
2025-05-15 08:46:00+00:00,210.31,210.35,210.31,210.35,0
2025-05-15 08:47:00+00:00,210.35,210.39,210.35,210.38,0
2025-05-15 08:48:00+00:00,210.2,210.35,210.2,210.35,0
2025-05-15 08:49:00+00:00,210.15,210.19,210.11,210.19,0
2025-05-15 08:50:00+00:00,210.25,210.32,210.2,210.2,0
2025-05-15 08:51:00+00:00,210.2,210.25,210.2,210.25,0
2025-05-15 08:52:00+00:00,210.2,210.2,210.01,210.15,0
2025-05-15 08:53:00+00:00,210.14,210.17,210.04,210.17,0
2025-05-15 08:54:00+00:00,210.02,210.14,210.02,210.14,0
2025-05-15 08:55:00+00:00,209.91,210.0,209.75,210.0,0
2025-05-15 08:56:00+00:00,209.96,210.0,209.89,209.9,0
2025-05-15 08:57:00+00:00,209.98,209.98,209.79,209.93,0
2025-05-15 08:59:00+00:00,209.9,210.0,209.9,209.94,0
2025-05-15 09:00:00+00:00,209.93,209.97,209.92,209.92,0
2025-05-15 09:01:00+00:00,210.04,210.04,209.96,209.96,0
2025-05-15 09:02:00+00:00,210.08,210.18,210.08,210.09,0
2025-05-15 09:03:00+00:00,210.0,210.04,210.0,210.04,0
2025-05-15 09:04:00+00:00,209.81,209.9,209.81,209.9,0
2025-05-15 09:05:00+00:00,209.75,209.82,209.72,209.82,0
2025-05-15 09:06:00+00:00,209.71,209.75,209.66,209.71,0
2025-05-15 09:07:00+00:00,209.79,209.79,209.72,209.75,0
2025-05-15 09:08:00+00:00,209.75,209.87,209.73,209.77,0
2025-05-15 09:09:00+00:00,209.65,209.75,209.65,209.75,0
2025-05-15 09:10:00+00:00,209.65,209.65,209.5,209.6,0
2025-05-15 09:11:00+00:00,209.55,209.67,209.55,209.67,0
2025-05-15 09:12:00+00:00,209.65,209.65,209.5,209.58,0
2025-05-15 09:13:00+00:00,209.52,209.53,209.52,209.52,0
2025-05-15 09:14:00+00:00,209.55,209.57,209.52,209.52,0
2025-05-15 09:15:00+00:00,209.54,209.6,209.5,209.57,0
2025-05-15 09:16:00+00:00,209.8,209.8,209.61,209.61,0
2025-05-15 09:17:00+00:00,209.54,209.8,209.51,209.8,0
2025-05-15 09:18:00+00:00,209.6,209.62,209.56,209.6,0
2025-05-15 09:19:00+00:00,209.92,209.92,209.66,209.66,0
2025-05-15 09:20:00+00:00,209.92,209.92,209.92,209.92,0
2025-05-15 09:21:00+00:00,209.86,209.88,209.86,209.88,0
2025-05-15 09:22:00+00:00,209.81,209.86,209.79,209.86,0
2025-05-15 09:23:00+00:00,209.98,210.0,209.81,209.81,0
2025-05-15 09:26:00+00:00,210.07,210.07,209.92,209.98,0
2025-05-15 09:27:00+00:00,210.11,210.11,210.11,210.11,0
2025-05-15 09:28:00+00:00,210.2,210.2,210.1,210.1,0
2025-05-15 09:29:00+00:00,210.11,210.15,210.11,210.15,0
2025-05-15 09:30:00+00:00,210.15,210.15,210.13,210.13,0
2025-05-15 09:31:00+00:00,210.16,210.16,210.16,210.16,0
2025-05-15 09:32:00+00:00,210.3,210.32,210.25,210.25,0
2025-05-15 09:33:00+00:00,210.37,210.37,210.3,210.3,0
2025-05-15 09:34:00+00:00,210.32,210.38,210.31,210.32,0
2025-05-15 09:35:00+00:00,210.25,210.3,210.25,210.3,0
2025-05-15 09:36:00+00:00,210.08,210.2,210.06,210.2,0
2025-05-15 09:37:00+00:00,210.27,210.29,210.1,210.1,0
2025-05-15 09:39:00+00:00,210.27,210.27,210.27,210.27,0
2025-05-15 09:40:00+00:00,210.15,210.21,210.15,210.21,0
2025-05-15 09:41:00+00:00,210.12,210.15,210.12,210.15,0
2025-05-15 09:42:00+00:00,210.17,210.28,210.17,210.24,0
2025-05-15 09:43:00+00:00,210.17,210.17,210.17,210.17,0
2025-05-15 09:44:00+00:00,210.17,210.24,210.17,210.2,0
2025-05-15 09:45:00+00:00,210.22,210.23,210.2,210.23,0
2025-05-15 09:46:00+00:00,210.19,210.2,210.19,210.19,0
2025-05-15 09:47:00+00:00,210.21,210.21,210.21,210.21,0
2025-05-15 09:48:00+00:00,210.27,210.27,210.24,210.24,0
2025-05-15 09:49:00+00:00,210.27,210.27,210.27,210.27,0
2025-05-15 09:50:00+00:00,210.28,210.28,210.26,210.26,0
2025-05-15 09:51:00+00:00,210.06,210.28,210.01,210.28,0
2025-05-15 09:53:00+00:00,210.05,210.07,210.05,210.07,0
2025-05-15 09:54:00+00:00,210.22,210.22,210.16,210.16,0
2025-05-15 09:55:00+00:00,210.22,210.22,210.22,210.22,0
2025-05-15 09:56:00+00:00,210.29,210.29,210.22,210.22,0
2025-05-15 09:57:00+00:00,210.25,210.3,210.25,210.3,0
2025-05-15 09:58:00+00:00,210.3,210.3,210.3,210.3,0
2025-05-15 09:59:00+00:00,210.17,210.23,210.17,210.23,0
2025-05-15 10:00:00+00:00,210.15,210.15,210.15,210.15,0
2025-05-15 10:01:00+00:00,210.06,210.06,210.05,210.06,0
2025-05-15 10:02:00+00:00,210.03,210.06,210.02,210.06,0
2025-05-15 10:03:00+00:00,209.98,210.01,209.98,210.0,0
2025-05-15 10:04:00+00:00,209.98,210.04,209.98,209.98,0
2025-05-15 10:05:00+00:00,209.9,209.96,209.89,209.96,0
2025-05-15 10:06:00+00:00,210.0,210.0,209.97,209.99,0
2025-05-15 10:07:00+00:00,209.97,210.0,209.97,210.0,0
2025-05-15 10:08:00+00:00,209.94,209.94,209.94,209.94,0
2025-05-15 10:09:00+00:00,209.91,209.91,209.91,209.91,0
2025-05-15 10:10:00+00:00,209.92,209.92,209.87,209.9,0
2025-05-15 10:11:00+00:00,209.85,209.85,209.8,209.8,0
2025-05-15 10:13:00+00:00,209.83,209.88,209.83,209.85,0
2025-05-15 10:14:00+00:00,209.92,209.92,209.81,209.81,0
2025-05-15 10:16:00+00:00,209.9,209.9,209.9,209.9,0
2025-05-15 10:17:00+00:00,209.9,209.9,209.9,209.9,0
2025-05-15 10:18:00+00:00,209.9,209.91,209.9,209.91,0
2025-05-15 10:19:00+00:00,209.8,209.87,209.8,209.87,0
2025-05-15 10:20:00+00:00,209.72,209.83,209.72,209.83,0
2025-05-15 10:21:00+00:00,209.83,209.83,209.68,209.7,0
2025-05-15 10:22:00+00:00,209.84,209.89,209.79,209.85,0
2025-05-15 10:23:00+00:00,209.86,209.95,209.86,209.94,0
2025-05-15 10:24:00+00:00,209.87,209.87,209.86,209.86,0
2025-05-15 10:25:00+00:00,209.76,209.86,209.76,209.86,0
2025-05-15 10:26:00+00:00,209.87,209.92,209.87,209.91,0
2025-05-15 10:28:00+00:00,209.76,209.9,209.76,209.9,0
2025-05-15 10:29:00+00:00,209.68,209.7,209.68,209.7,0
2025-05-15 10:30:00+00:00,209.65,209.65,209.6,209.65,0
2025-05-15 10:31:00+00:00,209.63,209.63,209.58,209.6,0
2025-05-15 10:32:00+00:00,209.69,209.69,209.64,209.64,0
2025-05-15 10:33:00+00:00,209.65,209.65,209.6,209.61,0
2025-05-15 10:34:00+00:00,209.67,209.67,209.64,209.64,0
2025-05-15 10:35:00+00:00,209.68,209.68,209.64,209.64,0
2025-05-15 10:36:00+00:00,209.64,209.64,209.63,209.63,0
2025-05-15 10:37:00+00:00,209.55,209.64,209.54,209.64,0
2025-05-15 10:38:00+00:00,209.55,209.56,209.55,209.56,0
2025-05-15 10:39:00+00:00,209.45,209.56,209.45,209.55,0
2025-05-15 10:40:00+00:00,209.45,209.45,209.44,209.44,0
2025-05-15 10:41:00+00:00,209.41,209.44,209.41,209.44,0
2025-05-15 10:42:00+00:00,209.36,209.37,209.3,209.37,0
2025-05-15 10:43:00+00:00,209.53,209.53,209.5,209.5,0
2025-05-15 10:44:00+00:00,209.5,209.58,209.5,209.55,0
2025-05-15 10:45:00+00:00,209.51,209.57,209.5,209.5,0
2025-05-15 10:46:00+00:00,209.54,209.56,209.54,209.54,0
2025-05-15 10:47:00+00:00,209.63,209.64,209.63,209.64,0
2025-05-15 10:48:00+00:00,209.61,209.64,209.61,209.61,0
2025-05-15 10:49:00+00:00,209.54,209.54,209.35,209.54,0
2025-05-15 10:50:00+00:00,209.5,209.62,209.41,209.53,0
2025-05-15 10:51:00+00:00,209.5,209.55,209.49,209.49,0
2025-05-15 10:52:00+00:00,209.52,209.52,209.52,209.52,0
2025-05-15 10:53:00+00:00,209.56,209.56,209.53,209.53,0
2025-05-15 10:54:00+00:00,209.52,209.56,209.52,209.56,0
2025-05-15 10:55:00+00:00,209.51,209.56,209.51,209.56,0
2025-05-15 10:56:00+00:00,209.48,209.5,209.48,209.5,0
2025-05-15 10:57:00+00:00,209.5,209.5,209.44,209.47,0
2025-05-15 10:58:00+00:00,209.5,209.5,209.48,209.49,0
2025-05-15 10:59:00+00:00,209.48,209.48,209.48,209.48,0
2025-05-15 11:00:00+00:00,209.7,209.7,209.51,209.59,0
2025-05-15 11:01:00+00:00,209.72,209.72,209.68,209.68,0
2025-05-15 11:02:00+00:00,209.74,209.78,209.7,209.76,0
2025-05-15 11:04:00+00:00,209.7,209.84,209.7,209.78,0
2025-05-15 11:05:00+00:00,209.8,209.8,209.63,209.74,0
2025-05-15 11:06:00+00:00,209.74,209.8,209.74,209.8,0
2025-05-15 11:07:00+00:00,209.88,209.88,209.85,209.85,0
2025-05-15 11:09:00+00:00,209.86,209.95,209.86,209.93,0
2025-05-15 11:10:00+00:00,209.94,209.94,209.85,209.86,0
2025-05-15 11:11:00+00:00,210.01,210.03,209.96,209.96,0
2025-05-15 11:12:00+00:00,210.1,210.1,209.88,210.01,0
2025-05-15 11:13:00+00:00,210.06,210.1,210.06,210.1,0
2025-05-15 11:14:00+00:00,210.07,210.11,210.06,210.1,0
2025-05-15 11:15:00+00:00,210.03,210.07,210.03,210.07,0
2025-05-15 11:17:00+00:00,210.07,210.15,210.07,210.14,0
2025-05-15 11:18:00+00:00,210.02,210.02,210.02,210.02,0
2025-05-15 11:19:00+00:00,210.09,210.1,210.09,210.1,0
2025-05-15 11:20:00+00:00,210.15,210.18,210.04,210.08,0
2025-05-15 11:21:00+00:00,210.12,210.12,210.12,210.12,0
2025-05-15 11:22:00+00:00,210.17,210.17,210.12,210.12,0
2025-05-15 11:23:00+00:00,210.31,210.31,210.2,210.2,0
2025-05-15 11:24:00+00:00,210.3,210.3,210.29,210.29,0
2025-05-15 11:25:00+00:00,210.3,210.3,210.26,210.26,0
2025-05-15 11:27:00+00:00,210.27,210.3,210.27,210.3,0
2025-05-15 11:28:00+00:00,210.12,210.17,210.12,210.17,0
2025-05-15 11:29:00+00:00,210.16,210.16,210.16,210.16,0
2025-05-15 11:30:00+00:00,210.3,210.31,210.25,210.25,0
2025-05-15 11:31:00+00:00,210.24,210.31,210.24,210.3,0
2025-05-15 11:32:00+00:00,210.35,210.35,210.22,210.24,0
2025-05-15 11:33:00+00:00,210.3,210.3,210.3,210.3,0
2025-05-15 11:34:00+00:00,210.24,210.31,210.24,210.31,0
2025-05-15 11:35:00+00:00,210.33,210.33,210.33,210.33,0
2025-05-15 11:36:00+00:00,210.33,210.33,210.3,210.3,0
2025-05-15 11:37:00+00:00,210.3,210.32,210.21,210.3,0
2025-05-15 11:38:00+00:00,210.29,210.3,210.29,210.3,0
2025-05-15 11:39:00+00:00,210.25,210.35,210.25,210.35,0
2025-05-15 11:40:00+00:00,210.35,210.35,210.26,210.28,0
2025-05-15 11:41:00+00:00,210.33,210.37,210.33,210.35,0
2025-05-15 11:42:00+00:00,210.32,210.38,210.32,210.35,0
2025-05-15 11:44:00+00:00,210.39,210.39,210.35,210.35,0
2025-05-15 11:45:00+00:00,210.38,210.38,210.33,210.35,0
2025-05-15 11:46:00+00:00,210.25,210.38,210.11,210.38,0
2025-05-15 11:47:00+00:00,210.24,210.24,210.24,210.24,0
2025-05-15 11:48:00+00:00,210.24,210.28,210.24,210.28,0
2025-05-15 11:50:00+00:00,210.24,210.25,210.24,210.25,0
2025-05-15 11:51:00+00:00,210.2,210.2,210.2,210.2,0
2025-05-15 11:52:00+00:00,210.2,210.2,210.2,210.2,0
2025-05-15 11:53:00+00:00,210.06,210.15,210.06,210.15,0
2025-05-15 11:56:00+00:00,210.08,210.08,210.08,210.08,0
2025-05-15 11:57:00+00:00,210.06,210.08,210.06,210.08,0
2025-05-15 11:58:00+00:00,210.03,210.03,210.03,210.03,0
2025-05-15 12:00:00+00:00,209.4988,211.1448,209.3,209.52,0
2025-05-15 12:01:00+00:00,212.1,212.18,209.3,209.3,0
2025-05-15 12:02:00+00:00,210.08,211.96,210.04,211.87,0
2025-05-15 12:03:00+00:00,210.0622,210.14,210.04,210.1393,0
2025-05-15 12:04:00+00:00,210.1,210.149,210.061,210.1,0
2025-05-15 12:05:00+00:00,210.01,212.33,210.01,210.06,0
2025-05-15 12:06:00+00:00,209.9245,210.11,209.81,210.09,0
2025-05-15 12:07:00+00:00,209.87,209.9397,209.8,209.9245,0
2025-05-15 12:08:00+00:00,209.7601,209.84,209.76,209.84,0
2025-05-15 12:09:00+00:00,209.73,209.8,209.73,209.76,0
2025-05-15 12:10:00+00:00,209.7,209.7699,209.7,209.74,0
2025-05-15 12:11:00+00:00,209.62,209.75,209.62,209.75,0
2025-05-15 12:12:00+00:00,209.599,209.67,209.5601,209.64,0
2025-05-15 12:13:00+00:00,209.5799,209.6,209.55,209.5999,0
2025-05-15 12:14:00+00:00,209.61,209.65,209.55,209.58,0
2025-05-15 12:15:00+00:00,209.6427,209.75,209.61,209.6101,0
2025-05-15 12:16:00+00:00,209.66,209.75,209.64,209.6418,0
2025-05-15 12:17:00+00:00,209.61,211.28,209.61,209.7199,0
2025-05-15 12:18:00+00:00,209.7,209.75,209.6267,209.7333,0
2025-05-15 12:19:00+00:00,209.85,209.87,209.7,209.7481,0
2025-05-15 12:20:00+00:00,209.85,209.97,209.71,209.85,0
2025-05-15 12:21:00+00:00,209.8583,209.89,209.85,209.89,0
2025-05-15 12:22:00+00:00,209.85,209.9033,209.78,209.85,0
2025-05-15 12:23:00+00:00,209.89,209.89,209.7967,209.8101,0
2025-05-15 12:24:00+00:00,209.84,209.89,209.84,209.89,0
2025-05-15 12:25:00+00:00,209.8,209.84,209.8,209.8399,0
2025-05-15 12:26:00+00:00,209.7,209.89,209.7,209.8,0
2025-05-15 12:27:00+00:00,209.7,209.8,209.65,209.8,0
2025-05-15 12:28:00+00:00,209.75,209.77,209.65,209.7,0
2025-05-15 12:29:00+00:00,209.66,209.75,209.66,209.7483,0
2025-05-15 12:30:00+00:00,209.97,210.0,209.67,209.75,0
2025-05-15 12:31:00+00:00,210.21,210.21,209.88,209.97,0
2025-05-15 12:32:00+00:00,210.3657,210.47,210.0886,210.14,0
2025-05-15 12:33:00+00:00,210.4,210.49,210.263,210.38,0
2025-05-15 12:34:00+00:00,210.45,210.49,210.32,210.48,0
2025-05-15 12:35:00+00:00,210.38,210.51,210.33,210.4,0
2025-05-15 12:36:00+00:00,210.33,210.406,210.18,210.406,0
2025-05-15 12:37:00+00:00,210.33,210.392,210.33,210.33,0
2025-05-15 12:38:00+00:00,210.36,210.45,210.15,210.45,0
2025-05-15 12:39:00+00:00,209.9999,210.45,209.96,210.45,0
2025-05-15 12:40:00+00:00,209.91,210.0,209.86,209.99,0
2025-05-15 12:41:00+00:00,209.87,209.98,209.86,209.9657,0
2025-05-15 12:42:00+00:00,209.98,210.09,209.81,209.8601,0
2025-05-15 12:43:00+00:00,210.0,210.03,209.95,209.98,0
2025-05-15 12:44:00+00:00,210.0,210.13,209.91,210.0,0
2025-05-15 12:45:00+00:00,209.8,210.2,209.77,210.03,0
2025-05-15 12:46:00+00:00,209.78,209.96,209.75,209.8,0
2025-05-15 12:47:00+00:00,209.8,209.85,209.7011,209.76,0
2025-05-15 12:48:00+00:00,209.86,209.94,209.79,209.89,0
2025-05-15 12:49:00+00:00,209.89,209.96,209.82,209.86,0
2025-05-15 12:50:00+00:00,209.78,209.9,209.75,209.86,0
2025-05-15 12:51:00+00:00,209.77,209.8967,209.7503,209.78,0
2025-05-15 12:52:00+00:00,209.9,209.94,209.7948,209.7948,0
2025-05-15 12:53:00+00:00,209.89,209.97,209.8,209.97,0
2025-05-15 12:54:00+00:00,209.89,209.96,209.8279,209.95,0
2025-05-15 12:55:00+00:00,209.85,209.95,209.81,209.89,0
2025-05-15 12:56:00+00:00,209.88,209.9,209.81,209.89,0
2025-05-15 12:57:00+00:00,210.1,210.1,209.85,209.88,0
2025-05-15 12:58:00+00:00,209.98,210.1,209.98,210.05,0
2025-05-15 12:59:00+00:00,209.87,210.05,209.87,210.04,0
2025-05-15 13:00:00+00:00,209.94,210.0,209.85,209.87,0
2025-05-15 13:01:00+00:00,209.98,209.99,209.87,209.94,0
2025-05-15 13:02:00+00:00,209.91,210.0,209.91,209.96,0
2025-05-15 13:03:00+00:00,210.0,210.0,209.9,209.95,0
2025-05-15 13:04:00+00:00,210.0,210.0,209.91,209.97,0
2025-05-15 13:05:00+00:00,209.96,210.0,209.92,209.96,0
2025-05-15 13:06:00+00:00,209.98,210.0,209.95,209.98,0
2025-05-15 13:07:00+00:00,210.05,210.17,209.96,210.0,0
2025-05-15 13:08:00+00:00,210.0755,210.16,209.96,210.05,0
2025-05-15 13:09:00+00:00,210.1886,210.24,210.0374,210.2,0
2025-05-15 13:10:00+00:00,210.181,210.19,210.08,210.19,0
2025-05-15 13:11:00+00:00,210.24,210.24,210.1,210.18,0
2025-05-15 13:12:00+00:00,210.18,210.24,210.1555,210.16,0
2025-05-15 13:13:00+00:00,210.2192,210.24,210.16,210.19,0
2025-05-15 13:14:00+00:00,210.14,210.22,210.102,210.2128,0
2025-05-15 13:15:00+00:00,210.1301,210.2,210.1,210.1992,0
2025-05-15 13:16:00+00:00,210.2,210.23,210.13,210.16,0
2025-05-15 13:17:00+00:00,210.1314,210.23,210.13,210.14,0
2025-05-15 13:18:00+00:00,210.25,210.27,210.13,210.17,0
2025-05-15 13:19:00+00:00,210.22,210.25,210.2,210.25,0
2025-05-15 13:20:00+00:00,210.18,210.24,210.18,210.2,0
2025-05-15 13:21:00+00:00,210.24,210.25,210.18,210.2152,0
2025-05-15 13:22:00+00:00,210.25,210.25,210.18,210.21,0
2025-05-15 13:23:00+00:00,210.18,210.25,210.18,210.21,0
2025-05-15 13:24:00+00:00,210.23,210.25,210.18,210.2,0
2025-05-15 13:25:00+00:00,210.5994,210.86,210.1883,210.25,0
2025-05-15 13:26:00+00:00,210.8,210.88,210.59,210.59,0
2025-05-15 13:27:00+00:00,210.73,211.0,210.73,210.89,0
2025-05-15 13:28:00+00:00,211.06,211.14,210.66,210.73,0
2025-05-15 13:29:00+00:00,211.03,211.07,210.95,211.06,0
2025-05-15 13:30:00+00:00,211.25999450683594,211.58999633789062,210.97500610351562,210.9949951171875,2826905
2025-05-15 13:31:00+00:00,211.52999877929688,211.74000549316406,211.22500610351562,211.22500610351562,292833
2025-05-15 13:32:00+00:00,211.8300018310547,212.08999633789062,211.50999450683594,211.50999450683594,226719
2025-05-15 13:33:00+00:00,211.5200958251953,211.99000549316406,211.5200958251953,211.87860107421875,133913
2025-05-15 13:34:00+00:00,211.75,211.75,211.47000122070312,211.5500030517578,180840
2025-05-15 13:35:00+00:00,211.80999755859375,211.91000366210938,211.5467071533203,211.71499633789062,140271
2025-05-15 13:36:00+00:00,211.60000610351562,211.82989501953125,211.51080322265625,211.8000030517578,137505
2025-05-15 13:37:00+00:00,212.4499969482422,212.49989318847656,211.55999755859375,211.60000610351562,252362
2025-05-15 13:38:00+00:00,212.13999938964844,212.52999877929688,212.1300048828125,212.4499969482422,174157
2025-05-15 13:39:00+00:00,211.83999633789062,212.24000549316406,211.82000732421875,212.16000366210938,212631
2025-05-15 13:40:00+00:00,211.75010681152344,211.9199981689453,211.60000610351562,211.8699951171875,175993
2025-05-15 13:41:00+00:00,211.50999450683594,211.8000030517578,211.50999450683594,211.77389526367188,138134
2025-05-15 13:42:00+00:00,211.14500427246094,211.6300048828125,211.0825958251953,211.5399932861328,195877
2025-05-15 13:43:00+00:00,211.10000610351562,211.30999755859375,211.05999755859375,211.16000366210938,113758
2025-05-15 13:44:00+00:00,211.11000061035156,211.26499938964844,211.0399932861328,211.10000610351562,129149
2025-05-15 13:45:00+00:00,211.1844940185547,211.27879333496094,210.94000244140625,211.07000732421875,159311
2025-05-15 13:46:00+00:00,210.72999572753906,211.1750030517578,210.72000122070312,211.1750030517578,153065
2025-05-15 13:47:00+00:00,210.97000122070312,211.0,210.55999755859375,210.73500061035156,165787
2025-05-15 13:48:00+00:00,210.88999938964844,211.0,210.82000732421875,210.97000122070312,85770
2025-05-15 13:49:00+00:00,211.02000427246094,211.08999633789062,210.72999572753906,210.8699951171875,118210
2025-05-15 13:50:00+00:00,211.0,211.11000061035156,210.9499969482422,211.01220703125,69753
2025-05-15 13:51:00+00:00,210.77999877929688,211.07000732421875,210.6999969482422,211.00999450683594,93462
2025-05-15 13:52:00+00:00,210.67999267578125,210.8800048828125,210.6300048828125,210.75,96244
2025-05-15 13:53:00+00:00,210.64500427246094,210.9176025390625,210.5800018310547,210.7100067138672,101836
2025-05-15 13:54:00+00:00,210.42999267578125,210.75,210.3300018310547,210.63710021972656,152392
2025-05-15 13:55:00+00:00,210.5500030517578,210.67999267578125,210.41000366210938,210.4199981689453,102755
2025-05-15 13:56:00+00:00,210.47000122070312,210.58999633789062,210.44000244140625,210.5500030517578,96431
2025-05-15 13:57:00+00:00,210.2100067138672,210.5399932861328,210.1750030517578,210.47999572753906,122403
2025-05-15 13:58:00+00:00,210.3300018310547,210.3800048828125,210.0800018310547,210.17999267578125,121865
2025-05-15 13:59:00+00:00,210.4199981689453,210.49000549316406,210.25,210.33999633789062,124537
2025-05-15 14:00:00+00:00,210.39999389648438,210.55999755859375,210.36000061035156,210.4499969482422,104005
2025-05-15 14:01:00+00:00,210.6699981689453,210.6898956298828,210.39999389648438,210.41000366210938,131154
2025-05-15 14:02:00+00:00,210.5211944580078,210.7100067138672,210.47999572753906,210.68499755859375,94803
2025-05-15 14:03:00+00:00,210.47999572753906,210.63450622558594,210.42999267578125,210.52330017089844,81710
2025-05-15 14:04:00+00:00,210.3717041015625,210.5399932861328,210.33999633789062,210.47000122070312,60431
2025-05-15 14:05:00+00:00,210.25999450683594,210.4051055908203,210.23899841308594,210.3800048828125,98243
2025-05-15 14:06:00+00:00,210.33999633789062,210.4199981689453,210.1699981689453,210.25999450683594,78776
2025-05-15 14:07:00+00:00,210.35000610351562,210.36500549316406,210.14999389648438,210.33999633789062,128553
2025-05-15 14:08:00+00:00,210.22999572753906,210.42999267578125,210.22999572753906,210.35989379882812,101308
2025-05-15 14:09:00+00:00,209.97239685058594,210.2332000732422,209.91000366210938,210.22000122070312,222925
2025-05-15 14:10:00+00:00,209.7050018310547,209.97000122070312,209.5399932861328,209.94000244140625,173841
2025-05-15 14:11:00+00:00,209.9499969482422,209.97000122070312,209.6699981689453,209.7100067138672,88883
2025-05-15 14:12:00+00:00,210.00999450683594,210.08999633789062,209.89999389648438,209.9499969482422,102744
2025-05-15 14:13:00+00:00,210.0800018310547,210.1199951171875,209.9600067138672,210.0050048828125,84935
2025-05-15 14:14:00+00:00,210.33839416503906,210.33999633789062,210.0800018310547,210.09100341796875,96217
2025-05-15 14:15:00+00:00,210.40919494628906,210.44000244140625,210.2635955810547,210.33999633789062,78639
2025-05-15 14:16:00+00:00,210.32000732421875,210.52000427246094,210.22000122070312,210.41000366210938,97160
2025-05-15 14:17:00+00:00,210.1999969482422,210.33079528808594,210.10000610351562,210.3300018310547,116679
2025-05-15 14:18:00+00:00,210.32330322265625,210.4600067138672,210.19000244140625,210.22000122070312,67653
2025-05-15 14:19:00+00:00,210.35000610351562,210.4810028076172,210.25999450683594,210.32000732421875,69551
2025-05-15 14:20:00+00:00,210.17999267578125,210.35000610351562,210.11500549316406,210.31500244140625,86227
2025-05-15 14:21:00+00:00,210.17999267578125,210.25999450683594,210.05999755859375,210.1649932861328,87994
2025-05-15 14:22:00+00:00,210.24000549316406,210.24000549316406,210.05999755859375,210.1999969482422,51738
2025-05-15 14:23:00+00:00,210.30999755859375,210.33999633789062,210.1154022216797,210.2100067138672,67431
2025-05-15 14:24:00+00:00,210.38499450683594,210.4199981689453,210.1999969482422,210.30999755859375,52253
2025-05-15 14:25:00+00:00,210.47000122070312,210.48350524902344,210.33999633789062,210.38999938964844,89426
2025-05-15 14:26:00+00:00,210.4499969482422,210.52000427246094,210.36000061035156,210.47000122070312,109887
2025-05-15 14:27:00+00:00,210.36000061035156,210.5800018310547,210.36000061035156,210.4499969482422,84331
2025-05-15 14:28:00+00:00,210.47000122070312,210.5,210.28500366210938,210.3699951171875,64956
2025-05-15 14:29:00+00:00,210.27499389648438,210.47000122070312,210.25010681152344,210.47000122070312,58126
2025-05-15 14:30:00+00:00,210.39529418945312,210.42999267578125,210.25999450683594,210.32000732421875,69868
2025-05-15 14:31:00+00:00,210.35000610351562,210.42990112304688,210.32000732421875,210.3800048828125,46117
2025-05-15 14:32:00+00:00,210.37010192871094,210.42990112304688,210.19000244140625,210.3300018310547,88426
2025-05-15 14:33:00+00:00,210.72000122070312,210.73500061035156,210.3701934814453,210.3800048828125,107670
2025-05-15 14:34:00+00:00,210.66000366210938,210.8000030517578,210.64300537109375,210.72999572753906,98649
2025-05-15 14:35:00+00:00,210.63999938964844,210.82000732421875,210.60009765625,210.6999969482422,87576
2025-05-15 14:36:00+00:00,210.80999755859375,210.86500549316406,210.56149291992188,210.6750030517578,87464
2025-05-15 14:37:00+00:00,210.69000244140625,210.8300018310547,210.5800018310547,210.80999755859375,92584
2025-05-15 14:38:00+00:00,210.7949981689453,210.8199005126953,210.64999389648438,210.68499755859375,80455
2025-05-15 14:39:00+00:00,210.88999938964844,210.9250030517578,210.8000030517578,210.8000030517578,97477
2025-05-15 14:40:00+00:00,211.11500549316406,211.1300048828125,210.85000610351562,210.88999938964844,126591
2025-05-15 14:41:00+00:00,211.0,211.1898956298828,210.91000366210938,211.1199951171875,105289
2025-05-15 14:42:00+00:00,211.25900268554688,211.25999450683594,210.9499969482422,211.0050048828125,68519
2025-05-15 14:43:00+00:00,211.33999633789062,211.47000122070312,211.24000549316406,211.25999450683594,130655
2025-05-15 14:44:00+00:00,211.32000732421875,211.39999389648438,211.25,211.34500122070312,81521
2025-05-15 14:45:00+00:00,211.39999389648438,211.49000549316406,211.3000030517578,211.32000732421875,74667
2025-05-15 14:46:00+00:00,211.32000732421875,211.4199981689453,211.19000244140625,211.3800048828125,70612
2025-05-15 14:47:00+00:00,211.41000366210938,211.4550018310547,211.27000427246094,211.3350067138672,114751
2025-05-15 14:48:00+00:00,211.5,211.55999755859375,211.41000366210938,211.41000366210938,119772
2025-05-15 14:49:00+00:00,211.30499267578125,211.53500366210938,211.30499267578125,211.5,60393
2025-05-15 14:50:00+00:00,211.47999572753906,211.49000549316406,211.22999572753906,211.30999755859375,90666
2025-05-15 14:51:00+00:00,211.4250030517578,211.6300048828125,211.4199981689453,211.46009826660156,104396
2025-05-15 14:52:00+00:00,211.63999938964844,211.6497039794922,211.42999267578125,211.43499755859375,65230
2025-05-15 14:53:00+00:00,211.5500030517578,211.63999938964844,211.44000244140625,211.63999938964844,58578
2025-05-15 14:54:00+00:00,211.5399932861328,211.58999633789062,211.49710083007812,211.5500030517578,56760
2025-05-15 14:55:00+00:00,211.63999938964844,211.64999389648438,211.52000427246094,211.5399932861328,73027
2025-05-15 14:56:00+00:00,211.67999267578125,211.75,211.6300048828125,211.63900756835938,93904
2025-05-15 14:57:00+00:00,211.74000549316406,211.74490356445312,211.6699981689453,211.67999267578125,88176
2025-05-15 14:58:00+00:00,211.8800048828125,211.89999389648438,211.7100067138672,211.7449951171875,120337
2025-05-15 14:59:00+00:00,211.9199981689453,211.94000244140625,211.82000732421875,211.8800048828125,85457
2025-05-15 15:00:00+00:00,211.67999267578125,211.94000244140625,211.67999267578125,211.9199981689453,91918
2025-05-15 15:01:00+00:00,211.49000549316406,211.72000122070312,211.47999572753906,211.67010498046875,109298
2025-05-15 15:02:00+00:00,211.33639526367188,211.50999450683594,211.27000427246094,211.49009704589844,93230
2025-05-15 15:03:00+00:00,211.5,211.52000427246094,211.3000030517578,211.3300018310547,82781
2025-05-15 15:04:00+00:00,211.5800018310547,211.74000549316406,211.49000549316406,211.49000549316406,103870
2025-05-15 15:05:00+00:00,211.69000244140625,211.76499938964844,211.5800018310547,211.5800018310547,97288
2025-05-15 15:06:00+00:00,211.61000061035156,211.69000244140625,211.50999450683594,211.69000244140625,76300
2025-05-15 15:07:00+00:00,211.5800018310547,211.63999938964844,211.54100036621094,211.6199951171875,44573
2025-05-15 15:08:00+00:00,211.75,211.75999450683594,211.54010009765625,211.60000610351562,47049
2025-05-15 15:09:00+00:00,211.75120544433594,211.85989379882812,211.74009704589844,211.77499389648438,68079
2025-05-15 15:10:00+00:00,211.97000122070312,211.99000549316406,211.70010375976562,211.74000549316406,69963
2025-05-15 15:11:00+00:00,211.8800048828125,212.02499389648438,211.80999755859375,211.97000122070312,127143
2025-05-15 15:12:00+00:00,211.9499969482422,211.97999572753906,211.83999633789062,211.8699951171875,61694
2025-05-15 15:13:00+00:00,211.81979370117188,211.9600067138672,211.81979370117188,211.9499969482422,54128
2025-05-15 15:14:00+00:00,211.67010498046875,211.83999633789062,211.66000366210938,211.8000030517578,76223
2025-05-15 15:15:00+00:00,211.78570556640625,211.82000732421875,211.6699981689453,211.6699981689453,55044
2025-05-15 15:16:00+00:00,211.8249969482422,211.91000366210938,211.75999450683594,211.7949981689453,63895
2025-05-15 15:17:00+00:00,211.93960571289062,212.0399932861328,211.83999633789062,211.83999633789062,90939
2025-05-15 15:18:00+00:00,211.85000610351562,211.97999572753906,211.8300018310547,211.9600067138672,51076
2025-05-15 15:19:00+00:00,211.97000122070312,212.0198974609375,211.86000061035156,211.86000061035156,73263
2025-05-15 15:20:00+00:00,211.9532012939453,212.00999450683594,211.94000244140625,212.0,43028
2025-05-15 15:21:00+00:00,212.30999755859375,212.35499572753906,211.97999572753906,211.97999572753906,101219
2025-05-15 15:22:00+00:00,212.3144073486328,212.41720581054688,212.22999572753906,212.33999633789062,103469
2025-05-15 15:23:00+00:00,212.3300018310547,212.38999938964844,212.22999572753906,212.3249969482422,74480
2025-05-15 15:24:00+00:00,212.61500549316406,212.8000030517578,212.3300018310547,212.3300018310547,214706
2025-05-15 15:25:00+00:00,212.38999938964844,212.6649932861328,212.38999938964844,212.6199951171875,89346
2025-05-15 15:26:00+00:00,212.38999938964844,212.49000549316406,212.3000030517578,212.4199981689453,86282
2025-05-15 15:27:00+00:00,212.3946990966797,212.49000549316406,212.30999755859375,212.38999938964844,75158
2025-05-15 15:28:00+00:00,212.41000366210938,212.6092987060547,212.3730926513672,212.38999938964844,74888
2025-05-15 15:29:00+00:00,212.49639892578125,212.49639892578125,212.33999633789062,212.4398956298828,65608
2025-05-15 15:30:00+00:00,212.47500610351562,212.52020263671875,212.3000030517578,212.5,96901
2025-05-15 15:31:00+00:00,212.35000610351562,212.5,212.3300018310547,212.48500061035156,55527
2025-05-15 15:32:00+00:00,212.32000732421875,212.42999267578125,212.3000030517578,212.35000610351562,49735
2025-05-15 15:33:00+00:00,212.24009704589844,212.3800048828125,212.1999969482422,212.35000610351562,87500
2025-05-15 15:34:00+00:00,212.3950958251953,212.3950958251953,212.2100067138672,212.25,58561
2025-05-15 15:35:00+00:00,212.5500030517578,212.5800018310547,212.3800048828125,212.39999389648438,135066
2025-05-15 15:36:00+00:00,212.35800170898438,212.5800018310547,212.33999633789062,212.57000732421875,94570
2025-05-15 15:37:00+00:00,212.49000549316406,212.5198974609375,212.25999450683594,212.3699951171875,53850
2025-05-15 15:38:00+00:00,212.4615936279297,212.54989624023438,212.375,212.52000427246094,74339
2025-05-15 15:39:00+00:00,212.5800018310547,212.5800018310547,212.39999389648438,212.4600067138672,60682
2025-05-15 15:40:00+00:00,212.5500030517578,212.625,212.44000244140625,212.5800018310547,141719
2025-05-15 15:41:00+00:00,212.60000610351562,212.6199951171875,212.5,212.55499267578125,61535
2025-05-15 15:42:00+00:00,212.66009521484375,212.67999267578125,212.5399932861328,212.60000610351562,60257
2025-05-15 15:43:00+00:00,212.72999572753906,212.75999450683594,212.58999633789062,212.6300048828125,57867
2025-05-15 15:44:00+00:00,212.7899932861328,212.91000366210938,212.7301025390625,212.74600219726562,86130
2025-05-15 15:45:00+00:00,212.83999633789062,212.9600067138672,212.80999755859375,212.80999755859375,98687
2025-05-15 15:46:00+00:00,212.72999572753906,212.81500244140625,212.6699981689453,212.81500244140625,58418
2025-05-15 15:47:00+00:00,212.66000366210938,212.75,212.6199951171875,212.74000549316406,105645
2025-05-15 15:48:00+00:00,212.75,212.76499938964844,212.63999938964844,212.6750030517578,54619
2025-05-15 15:49:00+00:00,212.5500030517578,212.77000427246094,212.5500030517578,212.7501983642578,62277
2025-05-15 15:50:00+00:00,212.38009643554688,212.55999755859375,212.35000610351562,212.55999755859375,103196
2025-05-15 15:51:00+00:00,212.41900634765625,212.51499938964844,212.3800048828125,212.41000366210938,97016
2025-05-15 15:52:00+00:00,212.4199981689453,212.52999877929688,212.3699951171875,212.4199981689453,62786
2025-05-15 15:53:00+00:00,212.36500549316406,212.46499633789062,212.30999755859375,212.42999267578125,46885
2025-05-15 15:54:00+00:00,212.31219482421875,212.3800048828125,212.25,212.3800048828125,55279
2025-05-15 15:55:00+00:00,212.38999938964844,212.42999267578125,212.22000122070312,212.32009887695312,68773
2025-05-15 15:56:00+00:00,212.13999938964844,212.38999938964844,212.10000610351562,212.3699951171875,116335
2025-05-15 15:57:00+00:00,211.9600067138672,212.1614990234375,211.9600067138672,212.16000366210938,87365
2025-05-15 15:58:00+00:00,212.0447998046875,212.07000732421875,211.8800048828125,211.96499633789062,202350
2025-05-15 15:59:00+00:00,211.9600067138672,212.0623016357422,211.92999267578125,212.0500030517578,85941
2025-05-15 16:00:00+00:00,211.85699462890625,212.02000427246094,211.82000732421875,211.9613037109375,76036
2025-05-15 16:01:00+00:00,211.64999389648438,211.93499755859375,211.64999389648438,211.85000610351562,79998
2025-05-15 16:02:00+00:00,211.61500549316406,211.66000366210938,211.56979370117188,211.64999389648438,95041
2025-05-15 16:03:00+00:00,211.69679260253906,211.74000549316406,211.60000610351562,211.64999389648438,69117
2025-05-15 16:04:00+00:00,211.77000427246094,211.77999877929688,211.69000244140625,211.6999969482422,48914
2025-05-15 16:05:00+00:00,211.82000732421875,211.86000061035156,211.74000549316406,211.77499389648438,79361
2025-05-15 16:06:00+00:00,211.84759521484375,212.0,211.8300018310547,211.83999633789062,79563
2025-05-15 16:07:00+00:00,211.92999267578125,211.97999572753906,211.86000061035156,211.86000061035156,56581
2025-05-15 16:08:00+00:00,212.13999938964844,212.14999389648438,211.91200256347656,211.9199981689453,59611
2025-05-15 16:09:00+00:00,212.17999267578125,212.25,212.0749969482422,212.13999938964844,77749
2025-05-15 16:10:00+00:00,212.08999633789062,212.19000244140625,212.0399932861328,212.19000244140625,48422
2025-05-15 16:11:00+00:00,211.97999572753906,212.10000610351562,211.8798065185547,212.0800018310547,66021
2025-05-15 16:12:00+00:00,211.91000366210938,212.00289916992188,211.89999389648438,211.97000122070312,43323
2025-05-15 16:13:00+00:00,211.75999450683594,211.91000366210938,211.75999450683594,211.91000366210938,70593
2025-05-15 16:14:00+00:00,211.72999572753906,211.8300018310547,211.6999969482422,211.75999450683594,88736
2025-05-15 16:15:00+00:00,211.85499572753906,211.9199981689453,211.72999572753906,211.72999572753906,65169
2025-05-15 16:16:00+00:00,211.97000122070312,212.0,211.8300018310547,211.8699951171875,51412
2025-05-15 16:17:00+00:00,211.9149932861328,212.0,211.9149932861328,211.99000549316406,58475
2025-05-15 16:18:00+00:00,211.75990295410156,211.9199981689453,211.75,211.91000366210938,40659
2025-05-15 16:19:00+00:00,211.9199981689453,211.9199981689453,211.77999877929688,211.8000030517578,40170
2025-05-15 16:20:00+00:00,211.91000366210938,211.9499969482422,211.86000061035156,211.91000366210938,35722
2025-05-15 16:21:00+00:00,211.82000732421875,211.90499877929688,211.74000549316406,211.90499877929688,63974
2025-05-15 16:22:00+00:00,211.74000549316406,211.8699951171875,211.73500061035156,211.80499267578125,47260
2025-05-15 16:23:00+00:00,211.7873992919922,211.80450439453125,211.7301025390625,211.74000549316406,34455
2025-05-15 16:24:00+00:00,211.66000366210938,211.77000427246094,211.64999389648438,211.77000427246094,56184
2025-05-15 16:25:00+00:00,211.55999755859375,211.6699981689453,211.5,211.64999389648438,61382
2025-05-15 16:26:00+00:00,211.5500030517578,211.60499572753906,211.5399932861328,211.55490112304688,64308
2025-05-15 16:27:00+00:00,211.43499755859375,211.57000732421875,211.41009521484375,211.55499267578125,57915
2025-05-15 16:28:00+00:00,211.57859802246094,211.5800018310547,211.4199981689453,211.4499969482422,47582
2025-05-15 16:29:00+00:00,211.64169311523438,211.65980529785156,211.5500030517578,211.57989501953125,52836
2025-05-15 16:30:00+00:00,211.49000549316406,211.6699981689453,211.4600067138672,211.6300048828125,55254
2025-05-15 16:31:00+00:00,211.47000122070312,211.5500030517578,211.44869995117188,211.49000549316406,48012
2025-05-15 16:32:00+00:00,211.2100067138672,211.50999450683594,211.2100067138672,211.47000122070312,77765
2025-05-15 16:33:00+00:00,211.2899932861328,211.3000030517578,211.2100067138672,211.22000122070312,54975
2025-05-15 16:34:00+00:00,211.35830688476562,211.3800048828125,211.2241973876953,211.2899932861328,51667
2025-05-15 16:35:00+00:00,211.26080322265625,211.3800048828125,211.25,211.35000610351562,57788
2025-05-15 16:36:00+00:00,211.4199981689453,211.4221954345703,211.24000549316406,211.25,53883
2025-05-15 16:37:00+00:00,211.47000122070312,211.5500030517578,211.40499877929688,211.40499877929688,78648
2025-05-15 16:38:00+00:00,211.49000549316406,211.50999450683594,211.39999389648438,211.46730041503906,31214
2025-05-15 16:39:00+00:00,211.5500030517578,211.60000610351562,211.5,211.5,58459
2025-05-15 16:40:00+00:00,211.58999633789062,211.6352996826172,211.56500244140625,211.57000732421875,35425
2025-05-15 16:41:00+00:00,211.5500030517578,211.66000366210938,211.52000427246094,211.5749969482422,51664
2025-05-15 16:42:00+00:00,211.66000366210938,211.69000244140625,211.55999755859375,211.55999755859375,38009
2025-05-15 16:43:00+00:00,211.58999633789062,211.66079711914062,211.5500030517578,211.66079711914062,31255
2025-05-15 16:44:00+00:00,211.65989685058594,211.6699981689453,211.57339477539062,211.5800018310547,39279
2025-05-15 16:45:00+00:00,211.83030700683594,211.86000061035156,211.66000366210938,211.66000366210938,86612
2025-05-15 16:46:00+00:00,211.8350067138672,211.89999389648438,211.77999877929688,211.83059692382812,73833
2025-05-15 16:47:00+00:00,211.93499755859375,211.9499969482422,211.80999755859375,211.82460021972656,40127
2025-05-15 16:48:00+00:00,211.9779052734375,211.97999572753906,211.9199981689453,211.9499969482422,38627
2025-05-15 16:49:00+00:00,211.97000122070312,212.00999450683594,211.9199981689453,211.9792022705078,50479
2025-05-15 16:50:00+00:00,212.07000732421875,212.0800018310547,211.9499969482422,211.96929931640625,70268
2025-05-15 16:51:00+00:00,212.05999755859375,212.05999755859375,211.9700927734375,212.05999755859375,48528
2025-05-15 16:52:00+00:00,212.0,212.10000610351562,212.0,212.0500030517578,42337
2025-05-15 16:53:00+00:00,211.99000549316406,212.0802001953125,211.97000122070312,211.99000549316406,39137
2025-05-15 16:54:00+00:00,211.9600067138672,212.02000427246094,211.92999267578125,212.00999450683594,42031
2025-05-15 16:55:00+00:00,211.94000244140625,212.02000427246094,211.89999389648438,211.9600067138672,40903
2025-05-15 16:56:00+00:00,211.8800048828125,211.92999267578125,211.85000610351562,211.92019653320312,44796
2025-05-15 16:57:00+00:00,211.8800048828125,211.89990234375,211.85000610351562,211.8800048828125,23582
2025-05-15 16:58:00+00:00,211.88999938964844,211.92999267578125,211.8699951171875,211.88009643554688,26297
2025-05-15 16:59:00+00:00,212.0399932861328,212.0500030517578,211.91000366210938,211.91000366210938,58416
2025-05-15 17:00:00+00:00,211.89500427246094,212.0666046142578,211.8800048828125,212.02499389648438,54964
2025-05-15 17:01:00+00:00,211.7449951171875,211.94000244140625,211.72999572753906,211.89999389648438,47813
2025-05-15 17:02:00+00:00,211.8209991455078,211.83999633789062,211.72999572753906,211.74000549316406,88857
2025-05-15 17:03:00+00:00,211.9949951171875,211.9949951171875,211.80999755859375,211.80999755859375,63982
2025-05-15 17:04:00+00:00,212.00999450683594,212.02000427246094,211.9600067138672,212.00469970703125,38445
2025-05-15 17:05:00+00:00,211.97000122070312,212.0699005126953,211.97000122070312,212.02000427246094,35540
2025-05-15 17:06:00+00:00,212.09500122070312,212.1300048828125,211.97000122070312,211.97000122070312,68856
2025-05-15 17:07:00+00:00,212.00999450683594,212.1300048828125,212.00999450683594,212.1132049560547,38537
2025-05-15 17:08:00+00:00,212.07000732421875,212.08999633789062,211.97999572753906,212.0531005859375,29907
2025-05-15 17:09:00+00:00,212.0800018310547,212.1199951171875,212.07000732421875,212.07000732421875,35015
2025-05-15 17:10:00+00:00,212.02000427246094,212.0749969482422,211.97000122070312,212.07000732421875,38278
2025-05-15 17:11:00+00:00,211.9499053955078,212.0399932861328,211.94000244140625,212.00999450683594,47284
2025-05-15 17:12:00+00:00,211.94000244140625,211.97999572753906,211.8699951171875,211.94000244140625,73986
2025-05-15 17:13:00+00:00,212.01519775390625,212.06649780273438,211.8300018310547,211.92019653320312,48575
2025-05-15 17:14:00+00:00,212.110107421875,212.1300048828125,211.98500061035156,212.01870727539062,46269
2025-05-15 17:15:00+00:00,212.08990478515625,212.15440368652344,212.0500030517578,212.10400390625,41693
2025-05-15 17:16:00+00:00,212.08999633789062,212.1699981689453,212.08529663085938,212.08999633789062,40818
2025-05-15 17:17:00+00:00,212.09019470214844,212.11000061035156,212.0601043701172,212.10000610351562,28247
2025-05-15 17:18:00+00:00,212.06179809570312,212.1768035888672,212.0500030517578,212.09979248046875,44127
2025-05-15 17:19:00+00:00,212.0092010498047,212.1208038330078,212.00399780273438,212.07000732421875,43493
2025-05-15 17:20:00+00:00,212.0800018310547,212.1300048828125,212.02000427246094,212.02000427246094,42158
2025-05-15 17:21:00+00:00,212.0,212.17999267578125,212.0,212.05999755859375,52642
2025-05-15 17:22:00+00:00,212.14999389648438,212.19000244140625,211.9499969482422,211.99000549316406,67530
2025-05-15 17:23:00+00:00,212.19000244140625,212.22000122070312,212.08999633789062,212.1300048828125,63793
2025-05-15 17:24:00+00:00,212.10009765625,212.19000244140625,212.10009765625,212.17999267578125,39024
2025-05-15 17:25:00+00:00,212.0500030517578,212.1300048828125,212.02999877929688,212.1199951171875,46796
2025-05-15 17:26:00+00:00,211.99000549316406,212.0800018310547,211.9788055419922,212.05999755859375,27500
2025-05-15 17:27:00+00:00,212.17520141601562,212.17999267578125,211.98500061035156,211.98500061035156,39537
2025-05-15 17:28:00+00:00,212.24000549316406,212.27999877929688,212.13009643554688,212.16000366210938,54009
2025-05-15 17:29:00+00:00,212.12010192871094,212.25039672851562,212.12010192871094,212.23500061035156,50259
2025-05-15 17:30:00+00:00,211.94070434570312,212.1300048828125,211.94000244140625,212.1300048828125,46187
2025-05-15 17:31:00+00:00,211.91000366210938,212.00509643554688,211.89999389648438,211.9499969482422,40909
2025-05-15 17:32:00+00:00,211.88909912109375,212.0,211.8798065185547,211.91000366210938,40774
2025-05-15 17:33:00+00:00,211.88999938964844,211.9199981689453,211.83859252929688,211.89999389648438,42604
2025-05-15 17:34:00+00:00,211.85000610351562,211.92999267578125,211.82000732421875,211.89999389648438,55721
2025-05-15 17:35:00+00:00,211.86700439453125,211.8800048828125,211.77999877929688,211.84010314941406,51621
2025-05-15 17:36:00+00:00,211.85000610351562,211.92999267578125,211.7899932861328,211.85499572753906,35471
2025-05-15 17:37:00+00:00,211.8000030517578,211.8300018310547,211.72000122070312,211.8300018310547,27664
2025-05-15 17:38:00+00:00,211.75,211.83999633789062,211.72030639648438,211.7949981689453,43004
2025-05-15 17:39:00+00:00,211.77999877929688,211.79620361328125,211.6739044189453,211.73500061035156,46251
2025-05-15 17:40:00+00:00,211.72500610351562,211.8000030517578,211.6649932861328,211.8000030517578,34587
2025-05-15 17:41:00+00:00,211.92999267578125,211.94000244140625,211.72999572753906,211.72999572753906,45981
2025-05-15 17:42:00+00:00,211.89779663085938,211.91000366210938,211.80999755859375,211.91000366210938,41730
2025-05-15 17:43:00+00:00,211.875,211.89999389648438,211.82000732421875,211.88999938964844,24974
2025-05-15 17:44:00+00:00,211.87579345703125,211.94000244140625,211.8350067138672,211.88999938964844,31086
2025-05-15 17:45:00+00:00,211.89999389648438,211.94000244140625,211.8509063720703,211.8800048828125,44532
2025-05-15 17:46:00+00:00,211.6999969482422,211.89999389648438,211.67999267578125,211.89999389648438,63394
2025-05-15 17:47:00+00:00,211.69000244140625,211.78250122070312,211.6699981689453,211.693603515625,42404
2025-05-15 17:48:00+00:00,211.60000610351562,211.7100067138672,211.58009338378906,211.6999969482422,46347
2025-05-15 17:49:00+00:00,211.5399932861328,211.60000610351562,211.50999450683594,211.60000610351562,35399
2025-05-15 17:50:00+00:00,211.58999633789062,211.60000610351562,211.4600067138672,211.5500030517578,64726
2025-05-15 17:51:00+00:00,211.51890563964844,211.5944061279297,211.48500061035156,211.5800018310547,46559
2025-05-15 17:52:00+00:00,211.47000122070312,211.51820373535156,211.44500732421875,211.5,46917
2025-05-15 17:53:00+00:00,211.4199981689453,211.5,211.39999389648438,211.4600067138672,48893
2025-05-15 17:54:00+00:00,211.30690002441406,211.41000366210938,211.27999877929688,211.41000366210938,86176
2025-05-15 17:55:00+00:00,211.14999389648438,211.30990600585938,211.0399932861328,211.3000030517578,170943
2025-05-15 17:56:00+00:00,211.22999572753906,211.27000427246094,211.1199951171875,211.14999389648438,56381
2025-05-15 17:57:00+00:00,211.32000732421875,211.32000732421875,211.17999267578125,211.22999572753906,39806
2025-05-15 17:58:00+00:00,211.27999877929688,211.38999938964844,211.27999877929688,211.310302734375,53708
2025-05-15 17:59:00+00:00,211.1800994873047,211.32000732421875,211.12100219726562,211.3000030517578,52105
2025-05-15 18:00:00+00:00,211.1199951171875,211.1999969482422,211.11000061035156,211.1699981689453,43158
2025-05-15 18:01:00+00:00,211.25,211.25,211.07000732421875,211.10000610351562,65401
2025-05-15 18:02:00+00:00,211.3000030517578,211.32989501953125,211.22000122070312,211.25729370117188,62947
2025-05-15 18:03:00+00:00,211.1750030517578,211.3000030517578,211.10000610351562,211.2993927001953,58723
2025-05-15 18:04:00+00:00,211.13999938964844,211.2100067138672,211.08999633789062,211.1999969482422,81610
2025-05-15 18:05:00+00:00,210.9803924560547,211.16000366210938,210.9499969482422,211.1300048828125,100476
2025-05-15 18:06:00+00:00,210.9575958251953,211.02000427246094,210.86000061035156,210.97000122070312,64444
2025-05-15 18:07:00+00:00,211.07000732421875,211.0998992919922,210.8699951171875,210.97000122070312,64674
2025-05-15 18:08:00+00:00,210.94000244140625,211.10000610351562,210.89500427246094,211.05999755859375,42197
2025-05-15 18:09:00+00:00,210.8300018310547,210.9600067138672,210.82080078125,210.91000366210938,49861
2025-05-15 18:10:00+00:00,210.77999877929688,210.85989379882812,210.77000427246094,210.82000732421875,81770
2025-05-15 18:11:00+00:00,210.82000732421875,210.8800048828125,210.75,210.75999450683594,87822
2025-05-15 18:12:00+00:00,210.84019470214844,210.8699951171875,210.7200927734375,210.80999755859375,50748
2025-05-15 18:13:00+00:00,210.88999938964844,210.91000366210938,210.83999633789062,210.86000061035156,57867
2025-05-15 18:14:00+00:00,210.8300018310547,210.8699951171875,210.67999267578125,210.8699951171875,53288
2025-05-15 18:15:00+00:00,210.82989501953125,210.8300018310547,210.67999267578125,210.82640075683594,42248
2025-05-15 18:16:00+00:00,210.70010375976562,210.89999389648438,210.6800994873047,210.82000732421875,46005
2025-05-15 18:17:00+00:00,210.68519592285156,210.72000122070312,210.5751953125,210.69000244140625,66407
2025-05-15 18:18:00+00:00,210.65040588378906,210.75990295410156,210.58999633789062,210.7100067138672,56788
2025-05-15 18:19:00+00:00,210.4700927734375,210.6699981689453,210.47000122070312,210.63499450683594,76897
2025-05-15 18:20:00+00:00,210.39320373535156,210.50999450683594,210.3531951904297,210.47500610351562,61011
2025-05-15 18:21:00+00:00,210.44000244140625,210.48989868164062,210.25999450683594,210.3800048828125,116097
2025-05-15 18:22:00+00:00,210.4199981689453,210.47999572753906,210.32000732421875,210.44000244140625,73778
2025-05-15 18:23:00+00:00,210.50999450683594,210.52000427246094,210.32000732421875,210.4199981689453,82570
2025-05-15 18:24:00+00:00,210.3699951171875,210.5048065185547,210.27999877929688,210.48500061035156,125941
2025-05-15 18:25:00+00:00,210.42999267578125,210.42999267578125,210.30999755859375,210.36000061035156,85013
2025-05-15 18:26:00+00:00,210.6300048828125,210.64999389648438,210.41929626464844,210.42999267578125,92444
2025-05-15 18:27:00+00:00,210.63999938964844,210.6793975830078,210.55999755859375,210.6300048828125,103946
2025-05-15 18:28:00+00:00,210.47000122070312,210.6790008544922,210.4600067138672,210.64999389648438,83013
2025-05-15 18:29:00+00:00,210.6300048828125,210.6300048828125,210.44000244140625,210.47000122070312,65294
2025-05-15 18:30:00+00:00,210.90989685058594,210.9199981689453,210.6199951171875,210.6300048828125,80001
2025-05-15 18:31:00+00:00,210.97000122070312,211.0,210.8350067138672,210.89999389648438,78093
2025-05-15 18:32:00+00:00,210.97999572753906,211.07000732421875,210.9199981689453,210.96009826660156,66509
2025-05-15 18:33:00+00:00,210.89999389648438,211.02999877929688,210.83999633789062,210.97999572753906,66976
2025-05-15 18:34:00+00:00,210.98500061035156,211.02499389648438,210.89999389648438,210.89999389648438,42662
2025-05-15 18:35:00+00:00,211.0800018310547,211.08999633789062,210.9600067138672,210.97000122070312,57707
2025-05-15 18:36:00+00:00,211.07000732421875,211.13999938964844,211.0500030517578,211.07000732421875,52290
2025-05-15 18:37:00+00:00,211.00999450683594,211.05999755859375,210.97000122070312,211.0500030517578,44872
2025-05-15 18:38:00+00:00,211.02999877929688,211.0449981689453,210.94000244140625,211.00999450683594,48996
2025-05-15 18:39:00+00:00,211.13999938964844,211.1699981689453,210.97999572753906,211.02999877929688,62874
2025-05-15 18:40:00+00:00,211.11000061035156,211.16000366210938,211.01010131835938,211.13999938964844,98020
2025-05-15 18:41:00+00:00,211.14999389648438,211.2100067138672,211.08999633789062,211.10000610351562,46353
2025-05-15 18:42:00+00:00,211.11500549316406,211.14500427246094,211.0,211.13999938964844,41792
2025-05-15 18:43:00+00:00,211.0800018310547,211.11000061035156,211.02999877929688,211.11000061035156,39276
2025-05-15 18:44:00+00:00,211.0800018310547,211.14999389648438,211.00999450683594,211.05999755859375,45164
2025-05-15 18:45:00+00:00,210.88619995117188,211.08999633789062,210.8699951171875,211.05999755859375,60460
2025-05-15 18:46:00+00:00,210.8800048828125,210.9199981689453,210.80999755859375,210.87030029296875,56177
2025-05-15 18:47:00+00:00,210.7899932861328,210.89999389648438,210.77000427246094,210.8699951171875,53859
2025-05-15 18:48:00+00:00,210.7100067138672,210.7899932861328,210.6699981689453,210.77999877929688,52649
2025-05-15 18:49:00+00:00,210.75770568847656,210.7998046875,210.6300048828125,210.72999572753906,57369
2025-05-15 18:50:00+00:00,210.75,210.77999877929688,210.63999938964844,210.74000549316406,45626
2025-05-15 18:51:00+00:00,210.63499450683594,210.72999572753906,210.61500549316406,210.6999969482422,39419
2025-05-15 18:52:00+00:00,210.668701171875,210.6999969482422,210.60000610351562,210.6300048828125,37048
2025-05-15 18:53:00+00:00,210.6298065185547,210.67999267578125,210.52999877929688,210.6699981689453,54719
2025-05-15 18:54:00+00:00,210.63999938964844,210.67990112304688,210.53500366210938,210.60000610351562,49878
2025-05-15 18:55:00+00:00,210.52999877929688,210.6199951171875,210.52000427246094,210.5977020263672,38579
2025-05-15 18:56:00+00:00,210.5399932861328,210.6300048828125,210.49049377441406,210.5399932861328,52122
2025-05-15 18:57:00+00:00,210.66920471191406,210.69000244140625,210.51019287109375,210.5399932861328,53249
2025-05-15 18:58:00+00:00,210.63999938964844,210.6999969482422,210.6300048828125,210.6750030517578,54481
2025-05-15 18:59:00+00:00,210.65499877929688,210.6999969482422,210.5800018310547,210.6300048828125,68362
2025-05-15 19:00:00+00:00,210.72000122070312,210.72500610351562,210.58999633789062,210.66000366210938,53729
2025-05-15 19:01:00+00:00,210.69000244140625,210.7465057373047,210.6699981689453,210.6909942626953,51022
2025-05-15 19:02:00+00:00,210.80020141601562,210.82989501953125,210.64999389648438,210.67999267578125,43929
2025-05-15 19:03:00+00:00,210.81500244140625,210.83999633789062,210.72000122070312,210.75999450683594,42585
2025-05-15 19:04:00+00:00,210.9407958984375,210.9407958984375,210.80999755859375,210.80999755859375,45113
2025-05-15 19:05:00+00:00,210.97000122070312,210.99000549316406,210.8800048828125,210.92999267578125,64305
2025-05-15 19:06:00+00:00,210.99000549316406,211.08999633789062,210.9499969482422,211.0,110486
2025-05-15 19:07:00+00:00,210.8197021484375,211.02999877929688,210.7899932861328,210.99000549316406,67969
2025-05-15 19:08:00+00:00,210.8094940185547,210.85000610351562,210.6300048828125,210.77999877929688,81968
2025-05-15 19:09:00+00:00,210.6649932861328,210.80999755859375,210.66000366210938,210.7899932861328,50091
2025-05-15 19:10:00+00:00,210.77999877929688,210.83999633789062,210.63999938964844,210.64999389648438,69099
2025-05-15 19:11:00+00:00,210.68499755859375,210.80099487304688,210.6699981689453,210.77000427246094,54240
2025-05-15 19:12:00+00:00,210.77760314941406,210.78970336914062,210.6750030517578,210.6999969482422,65239
2025-05-15 19:13:00+00:00,210.8000030517578,210.83999633789062,210.7100067138672,210.77000427246094,63151
2025-05-15 19:14:00+00:00,210.72999572753906,210.83709716796875,210.66360473632812,210.80499267578125,49893
2025-05-15 19:15:00+00:00,210.6905975341797,210.78990173339844,210.66000366210938,210.72999572753906,54942
2025-05-15 19:16:00+00:00,210.8699951171875,210.91000366210938,210.6999969482422,210.6999969482422,69594
2025-05-15 19:17:00+00:00,210.8699951171875,210.9799041748047,210.86000061035156,210.86000061035156,62752
2025-05-15 19:18:00+00:00,211.02000427246094,211.02000427246094,210.779296875,210.8699951171875,59341
2025-05-15 19:19:00+00:00,211.02999877929688,211.03750610351562,210.8791961669922,211.00999450683594,62059
2025-05-15 19:20:00+00:00,211.0,211.0500030517578,210.92999267578125,211.03439331054688,61053
2025-05-15 19:21:00+00:00,210.99000549316406,211.0467071533203,210.9199981689453,210.9600067138672,55868
2025-05-15 19:22:00+00:00,210.89999389648438,210.9958953857422,210.8300018310547,210.9783935546875,69321
2025-05-15 19:23:00+00:00,210.8699951171875,210.92999267578125,210.82049560546875,210.8699951171875,62048
2025-05-15 19:24:00+00:00,210.9600067138672,211.0,210.85499572753906,210.8699951171875,59709
2025-05-15 19:25:00+00:00,210.64500427246094,210.9550018310547,210.64500427246094,210.94000244140625,79980
2025-05-15 19:26:00+00:00,210.41000366210938,210.66000366210938,210.3300018310547,210.63999938964844,117354
2025-05-15 19:27:00+00:00,210.55999755859375,210.57989501953125,210.35960388183594,210.3800048828125,90600
2025-05-15 19:28:00+00:00,210.47999572753906,210.6300048828125,210.47000122070312,210.55020141601562,64456
2025-05-15 19:29:00+00:00,210.36000061035156,210.51939392089844,210.3249969482422,210.47000122070312,102436
2025-05-15 19:30:00+00:00,210.5800018310547,210.5800018310547,210.35000610351562,210.35000610351562,80901
2025-05-15 19:31:00+00:00,210.5850067138672,210.7100067138672,210.50999450683594,210.55999755859375,86497
2025-05-15 19:32:00+00:00,210.55099487304688,210.639892578125,210.5200958251953,210.5850067138672,55444
2025-05-15 19:33:00+00:00,210.5800018310547,210.64999389648438,210.55499267578125,210.55499267578125,73985
2025-05-15 19:34:00+00:00,210.51010131835938,210.65989685058594,210.50999450683594,210.5847930908203,74779
2025-05-15 19:35:00+00:00,210.47000122070312,210.51950073242188,210.4199981689453,210.5,60616
2025-05-15 19:36:00+00:00,210.37989807128906,210.52999877929688,210.35000610351562,210.47000122070312,78617
2025-05-15 19:37:00+00:00,210.3603057861328,210.4499969482422,210.33999633789062,210.36000061035156,61305
2025-05-15 19:38:00+00:00,210.25999450683594,210.375,210.21200561523438,210.35000610351562,83091
2025-05-15 19:39:00+00:00,210.26499938964844,210.30999755859375,210.14999389648438,210.25,86469
2025-05-15 19:40:00+00:00,210.4197998046875,210.4199981689453,210.22500610351562,210.25999450683594,80090
2025-05-15 19:41:00+00:00,210.4600067138672,210.5,210.38999938964844,210.39999389648438,69223
2025-05-15 19:42:00+00:00,210.3800048828125,210.5299072265625,210.3800048828125,210.47000122070312,70677
2025-05-15 19:43:00+00:00,210.38999938964844,210.4499969482422,210.3511962890625,210.375,53193
2025-05-15 19:44:00+00:00,210.4600067138672,210.51499938964844,210.3800048828125,210.39500427246094,68477
2025-05-15 19:45:00+00:00,210.47000122070312,210.49000549316406,210.375,210.44500732421875,56449
2025-05-15 19:46:00+00:00,210.49000549316406,210.53500366210938,210.41000366210938,210.47000122070312,72636
2025-05-15 19:47:00+00:00,210.6199951171875,210.63999938964844,210.47999572753906,210.47999572753906,137712
2025-05-15 19:48:00+00:00,210.6300048828125,210.72000122070312,210.61000061035156,210.61000061035156,82847
2025-05-15 19:49:00+00:00,210.58999633789062,210.64169311523438,210.55499267578125,210.6199951171875,55419
2025-05-15 19:50:00+00:00,211.1300048828125,211.3300018310547,210.5500030517578,210.5800018310547,367421
2025-05-15 19:51:00+00:00,210.9600067138672,211.19000244140625,210.9149932861328,211.13499450683594,162241
2025-05-15 19:52:00+00:00,211.10000610351562,211.10000610351562,210.91000366210938,210.9600067138672,115059
2025-05-15 19:53:00+00:00,211.07000732421875,211.22000122070312,211.05999755859375,211.11000061035156,127025
2025-05-15 19:54:00+00:00,210.7501983642578,211.05999755859375,210.52000427246094,211.05999755859375,281670
2025-05-15 19:55:00+00:00,210.83999633789062,211.07000732421875,210.66000366210938,210.74000549316406,372711
2025-05-15 19:56:00+00:00,211.0500030517578,211.07000732421875,210.85000610351562,210.85000610351562,218905
2025-05-15 19:57:00+00:00,211.23500061035156,211.27999877929688,210.9499969482422,211.0399932861328,557596
2025-05-15 19:58:00+00:00,211.10499572753906,211.24000549316406,211.0399932861328,211.23500061035156,410594
2025-05-15 19:59:00+00:00,211.45799255371094,211.4600067138672,210.9499969482422,211.10499572753906,1775455
2025-05-15 20:00:00+00:00,211.45,211.47,210.92,211.44,6088694
2025-05-15 20:01:00+00:00,211.21,211.45,211.12,211.12,0
2025-05-15 20:02:00+00:00,211.2,211.45,211.13,211.2,0
2025-05-15 20:03:00+00:00,211.3,211.3,211.1701,211.2,0
2025-05-15 20:04:00+00:00,211.25,211.3,211.1203,211.2994,0
2025-05-15 20:05:00+00:00,211.12,211.45,211.12,211.19,0
2025-05-15 20:06:00+00:00,211.29,211.33,211.1201,211.121,0
2025-05-15 20:07:00+00:00,211.2001,211.3,211.2,211.29,0
2025-05-15 20:08:00+00:00,211.3,211.45,211.29,211.29,0
2025-05-15 20:09:00+00:00,211.2,211.45,211.2,211.22,0
2025-05-15 20:10:00+00:00,211.2,211.23,211.2,211.2,0
2025-05-15 20:11:00+00:00,211.3,211.3,211.2,211.2,0
2025-05-15 20:12:00+00:00,211.3,211.3,211.21,211.21,0
2025-05-15 20:13:00+00:00,211.2018,211.3,211.2,211.3,0
2025-05-15 20:14:00+00:00,211.25,211.3,211.2,211.29,0
2025-05-15 20:15:00+00:00,211.3,211.33,211.2045,211.25,0
2025-05-15 20:16:00+00:00,211.25,211.3,211.2011,211.25,0
2025-05-15 20:17:00+00:00,211.22,211.3,211.21,211.28,0
2025-05-15 20:18:00+00:00,211.299,211.45,211.2012,211.22,0
2025-05-15 20:19:00+00:00,211.25,211.3,211.2,211.3,0
2025-05-15 20:20:00+00:00,211.3,211.45,211.2,211.45,0
2025-05-15 20:21:00+00:00,211.2,211.3,211.16,211.3,0
2025-05-15 20:22:00+00:00,211.21,211.24,211.2,211.21,0
2025-05-15 20:23:00+00:00,211.24,211.3,211.2,211.2,0
2025-05-15 20:24:00+00:00,211.3,211.3,211.2,211.24,0
2025-05-15 20:25:00+00:00,211.2,211.3,211.2,211.3,0
2025-05-15 20:26:00+00:00,211.3,211.3,211.2009,211.24,0
2025-05-15 20:27:00+00:00,211.2,211.24,211.15,211.21,0
2025-05-15 20:28:00+00:00,211.17,211.2,211.16,211.2,0
2025-05-15 20:29:00+00:00,211.1707,211.2,211.1701,211.1701,0
2025-05-15 20:30:00+00:00,211.2,211.27,211.15,211.1704,0
2025-05-15 20:31:00+00:00,211.15,211.25,211.15,211.2,0
2025-05-15 20:32:00+00:00,211.15,211.1517,211.15,211.1517,0
2025-05-15 20:33:00+00:00,211.3,211.3,211.15,211.1504,0
2025-05-15 20:34:00+00:00,211.15,211.23,211.15,211.23,0
2025-05-15 20:35:00+00:00,211.29,211.3,211.22,211.3,0
2025-05-15 20:36:00+00:00,211.15,211.21,211.15,211.21,0
2025-05-15 20:37:00+00:00,211.21,211.2962,211.1,211.2962,0
2025-05-15 20:38:00+00:00,211.15,211.17,211.1012,211.17,0
2025-05-15 20:39:00+00:00,211.1,211.1495,211.1,211.13,0
2025-05-15 20:40:00+00:00,211.13,211.15,211.13,211.1481,0
2025-05-15 20:41:00+00:00,211.15,211.15,211.13,211.13,0
2025-05-15 20:42:00+00:00,211.15,211.15,211.13,211.1496,0
2025-05-15 20:43:00+00:00,211.13,211.14,211.13,211.13,0
2025-05-15 20:44:00+00:00,211.1,211.14,211.05,211.12,0
2025-05-15 20:45:00+00:00,211.1514,211.1514,211.05,211.05,0
2025-05-15 20:46:00+00:00,211.2,211.2,211.15,211.2,0
2025-05-15 20:47:00+00:00,211.19,211.209,211.15,211.209,0
2025-05-15 20:48:00+00:00,211.15,211.2,211.15,211.17,0
2025-05-15 20:49:00+00:00,211.05,211.2,211.05,211.2,0
2025-05-15 20:50:00+00:00,211.2,211.2,211.1,211.1,0
2025-05-15 20:51:00+00:00,211.45,211.45,211.1,211.2,0
2025-05-15 20:52:00+00:00,211.1003,211.15,211.1003,211.15,0
2025-05-15 20:53:00+00:00,211.1,211.15,211.1,211.15,0
2025-05-15 20:54:00+00:00,211.15,211.15,211.1,211.14,0
2025-05-15 20:55:00+00:00,211.1002,211.1006,211.1,211.1006,0
2025-05-15 20:56:00+00:00,211.14,211.15,211.1,211.13,0
2025-05-15 20:57:00+00:00,211.11,211.15,211.11,211.149,0
2025-05-15 20:58:00+00:00,211.13,211.13,211.11,211.11,0
2025-05-15 20:59:00+00:00,211.139,211.15,211.101,211.15,0
2025-05-15 21:00:00+00:00,211.11,211.14,211.1,211.14,0
2025-05-15 21:01:00+00:00,211.1,211.13,211.1,211.11,0
2025-05-15 21:02:00+00:00,211.1293,211.13,199.6953,211.13,0
2025-05-15 21:03:00+00:00,211.11,211.1298,211.1,211.1101,0
2025-05-15 21:04:00+00:00,211.08,211.1,199.6953,211.0995,0
2025-05-15 21:05:00+00:00,211.0501,211.0996,211.05,211.0501,0
2025-05-15 21:06:00+00:00,211.05,211.1,211.05,211.05,0
2025-05-15 21:07:00+00:00,211.05,211.09,211.05,211.055,0
2025-05-15 21:08:00+00:00,211.05,211.1,211.05,211.05,0
2025-05-15 21:09:00+00:00,211.05,211.09,211.05,211.09,0
2025-05-15 21:10:00+00:00,211.09,211.0991,211.09,211.0991,0
2025-05-15 21:11:00+00:00,211.08,211.08,211.0512,211.08,0
2025-05-15 21:12:00+00:00,211.06,211.1,211.05,211.1,0
2025-05-15 21:13:00+00:00,211.06,211.06,211.05,211.06,0
2025-05-15 21:14:00+00:00,211.051,211.08,211.051,211.08,0
2025-05-15 21:15:00+00:00,211.1,211.1,211.05,211.1,0
2025-05-15 21:16:00+00:00,211.08,211.1,211.05,211.09,0
2025-05-15 21:17:00+00:00,211.06,211.08,211.0508,211.08,0
2025-05-15 21:18:00+00:00,211.06,211.1,211.05,211.0557,0
2025-05-15 21:19:00+00:00,211.0984,211.1,211.05,211.1,0
2025-05-15 21:20:00+00:00,211.0122,211.1,211.0122,211.06,0
2025-05-15 21:21:00+00:00,211.1,211.1,211.06,211.0999,0
2025-05-15 21:22:00+00:00,211.15,211.15,211.072,211.1,0
2025-05-15 21:23:00+00:00,211.15,211.15,211.01,211.15,0
2025-05-15 21:24:00+00:00,211.1,211.15,211.09,211.15,0
2025-05-15 21:25:00+00:00,211.1499,211.15,211.02,211.1,0
2025-05-15 21:26:00+00:00,211.15,211.15,211.02,211.15,0
2025-05-15 21:27:00+00:00,211.0408,211.15,211.0408,211.15,0
2025-05-15 21:28:00+00:00,211.02,211.3,211.02,211.15,0
2025-05-15 21:29:00+00:00,211.293,211.293,211.0212,211.0212,0
2025-05-15 21:30:00+00:00,211.18,211.23,211.02,211.02,0
2025-05-15 21:31:00+00:00,211.0245,211.2,211.02,211.18,0
2025-05-15 21:32:00+00:00,211.19,211.2,211.14,211.14,0
2025-05-15 21:33:00+00:00,211.18,211.19,211.02,211.14,0
2025-05-15 21:34:00+00:00,211.1873,211.1873,211.07,211.18,0
2025-05-15 21:35:00+00:00,211.19,211.19,211.1872,211.1872,0
2025-05-15 21:36:00+00:00,211.09,211.19,211.08,211.08,0
2025-05-15 21:37:00+00:00,211.15,211.15,211.1,211.1,0
2025-05-15 21:38:00+00:00,211.18,211.18,211.1,211.18,0
2025-05-15 21:39:00+00:00,211.1,211.14,211.1,211.14,0
2025-05-15 21:40:00+00:00,211.19,211.19,211.1,211.14,0
2025-05-15 21:41:00+00:00,211.1,211.19,211.0568,211.1,0
2025-05-15 21:42:00+00:00,211.19,211.19,211.09,211.09,0
2025-05-15 21:43:00+00:00,211.1,211.15,211.02,211.15,0
2025-05-15 21:44:00+00:00,211.024,211.18,211.024,211.18,0
2025-05-15 21:45:00+00:00,211.024,211.16,211.024,211.16,0
2025-05-15 21:46:00+00:00,211.064,211.1599,211.02,211.02,0
2025-05-15 21:47:00+00:00,211.05,211.45,211.05,211.45,0
2025-05-15 21:48:00+00:00,211.07,211.15,211.07,211.1499,0
2025-05-15 21:49:00+00:00,211.15,211.15,211.05,211.08,0
2025-05-15 21:50:00+00:00,211.12,211.12,211.11,211.11,0
2025-05-15 21:51:00+00:00,211.14,211.14,211.05,211.11,0
2025-05-15 21:52:00+00:00,211.14,211.14,211.05,211.05,0
2025-05-15 21:53:00+00:00,211.05,211.14,211.05,211.1384,0
2025-05-15 21:54:00+00:00,211.11,211.1397,211.0992,211.0992,0
2025-05-15 21:55:00+00:00,211.05,211.14,211.05,211.1385,0
2025-05-15 21:56:00+00:00,211.1,211.14,211.1,211.1,0
2025-05-15 21:57:00+00:00,211.14,211.14,211.05,211.11,0
2025-05-15 21:58:00+00:00,211.139,211.14,211.05,211.14,0
2025-05-15 21:59:00+00:00,211.1377,211.14,211.1,211.14,0
2025-05-15 22:00:00+00:00,211.1388,211.14,211.05,211.14,0
2025-05-15 22:01:00+00:00,211.14,211.14,211.05,211.05,0
2025-05-15 22:02:00+00:00,211.08,211.14,211.05,211.1023,0
2025-05-15 22:03:00+00:00,211.13,211.14,211.05,211.1378,0
2025-05-15 22:04:00+00:00,211.05,211.13,211.05,211.07,0
2025-05-15 22:05:00+00:00,211.14,211.14,211.05,211.06,0
2025-05-15 22:06:00+00:00,211.0,211.45,210.9988,211.45,0
2025-05-15 22:07:00+00:00,210.9,211.0,210.9,210.9975,0
2025-05-15 22:08:00+00:00,210.978,210.9993,210.9775,210.9775,0
2025-05-15 22:09:00+00:00,211.0,211.0,211.0,211.0,0
2025-05-15 22:10:00+00:00,210.95,210.95,210.95,210.95,0
2025-05-15 22:11:00+00:00,211.14,211.14,211.0,211.0025,0
2025-05-15 22:12:00+00:00,211.05,211.05,210.95,211.03,0
2025-05-15 22:13:00+00:00,211.05,211.05,210.95,210.95,0
2025-05-15 22:14:00+00:00,211.0,211.05,210.95,210.9537,0
2025-05-15 22:15:00+00:00,211.09,211.1,211.09,211.1,0
2025-05-15 22:16:00+00:00,210.99,211.0,210.9545,210.9987,0
2025-05-15 22:17:00+00:00,210.91,210.99,210.91,210.989,0
2025-05-15 22:18:00+00:00,211.0,211.0,210.92,210.95,0
2025-05-15 22:19:00+00:00,211.13,211.13,210.9155,210.9155,0
2025-05-15 22:20:00+00:00,211.12,211.12,211.12,211.12,0
2025-05-15 22:21:00+00:00,211.0923,211.13,210.95,211.0,0
2025-05-15 22:22:00+00:00,210.91,211.12,210.91,211.0,0
2025-05-15 22:23:00+00:00,211.11,211.12,210.954,210.954,0
2025-05-15 22:24:00+00:00,210.96,211.09,210.91,211.0,0
2025-05-15 22:25:00+00:00,210.97,210.99,210.953,210.953,0
2025-05-15 22:26:00+00:00,210.99,210.99,210.91,210.91,0
2025-05-15 22:27:00+00:00,211.0952,211.0952,211.05,211.05,0
2025-05-15 22:28:00+00:00,210.9683,211.1,210.91,211.0,0
2025-05-15 22:29:00+00:00,211.0,211.1,210.95,211.1,0
2025-05-15 22:30:00+00:00,211.01,211.1,211.01,211.1,0
2025-05-15 22:31:00+00:00,211.1,211.1,210.99,211.0965,0
2025-05-15 22:32:00+00:00,210.9638,211.1,210.9638,211.0,0
2025-05-15 22:33:00+00:00,211.0012,211.0999,210.96,211.01,0
2025-05-15 22:34:00+00:00,211.0988,211.0988,211.0,211.0,0
2025-05-15 22:35:00+00:00,211.08,211.0985,211.0,211.0,0
2025-05-15 22:36:00+00:00,211.0017,211.1,211.0017,211.0017,0
2025-05-15 22:37:00+00:00,211.09,211.0981,211.06,211.06,0
2025-05-15 22:38:00+00:00,211.0995,211.1,211.03,211.09,0
2025-05-15 22:39:00+00:00,211.0999,211.1,210.96,211.0,0
2025-05-15 22:40:00+00:00,210.97,211.1,210.97,211.03,0
2025-05-15 22:41:00+00:00,210.9589,210.9589,210.9589,210.9589,0
2025-05-15 22:42:00+00:00,210.93,210.9587,210.92,210.9587,0
2025-05-15 22:43:00+00:00,210.9295,210.93,210.91,210.92,0
2025-05-15 22:44:00+00:00,210.9295,210.9295,210.92,210.92,0
2025-05-15 22:45:00+00:00,210.93,210.93,210.9292,210.9292,0
2025-05-15 22:46:00+00:00,210.94,210.94,210.9295,210.93,0
2025-05-15 22:47:00+00:00,211.1,211.1,211.005,211.1,0
2025-05-15 22:48:00+00:00,210.9593,211.1,210.91,211.1,0
2025-05-15 22:49:00+00:00,211.0001,211.0001,211.0,211.0,0
2025-05-15 22:50:00+00:00,211.0,211.0,210.91,210.91,0
2025-05-15 22:51:00+00:00,211.0,211.0,211.0,211.0,0
2025-05-15 22:52:00+00:00,211.0988,211.0988,210.94,211.0,0
2025-05-15 22:53:00+00:00,210.93,210.99,210.9253,210.9253,0
2025-05-15 22:54:00+00:00,210.92,210.99,210.92,210.9205,0
2025-05-15 22:55:00+00:00,210.92,210.92,210.92,210.92,0
2025-05-15 22:56:00+00:00,210.9101,210.95,210.9101,210.94,0
2025-05-15 22:57:00+00:00,210.95,210.95,210.9101,210.9101,0
2025-05-15 22:58:00+00:00,210.9508,210.9508,210.95,210.95,0
2025-05-15 22:59:00+00:00,210.9599,210.98,210.91,210.978,0
2025-05-15 23:00:00+00:00,210.96,210.96,210.9,210.9,0
2025-05-15 23:01:00+00:00,210.95,210.96,210.9,210.9599,0
2025-05-15 23:02:00+00:00,210.96,210.96,210.93,210.94,0
2025-05-15 23:03:00+00:00,210.89,210.95,210.89,210.95,0
2025-05-15 23:04:00+00:00,210.89,210.94,210.89,210.89,0
2025-05-15 23:05:00+00:00,210.9,210.9384,210.9,210.9384,0
2025-05-15 23:06:00+00:00,210.8997,210.9,210.8902,210.9,0
2025-05-15 23:07:00+00:00,210.9,210.9,210.8995,210.9,0
2025-05-15 23:09:00+00:00,210.9585,210.96,210.8801,210.96,0
2025-05-15 23:10:00+00:00,210.9003,210.9585,210.9,210.9,0
2025-05-15 23:11:00+00:00,210.93,210.93,210.93,210.93,0
2025-05-15 23:12:00+00:00,210.9309,210.9309,210.9001,210.93,0
2025-05-15 23:13:00+00:00,210.96,210.96,210.93,210.96,0
2025-05-15 23:14:00+00:00,210.89,210.96,210.89,210.9595,0
2025-05-15 23:15:00+00:00,210.9,210.9,210.8,210.8,0
2025-05-15 23:16:00+00:00,210.842,210.842,210.8,210.8,0
2025-05-15 23:17:00+00:00,210.81,210.9,210.81,210.9,0
2025-05-15 23:18:00+00:00,210.8025,210.9,210.8025,210.9,0
2025-05-15 23:19:00+00:00,210.89,210.8981,210.8512,210.89,0
2025-05-15 23:20:00+00:00,210.8688,210.87,210.82,210.82,0
2025-05-15 23:21:00+00:00,210.8017,210.87,210.8017,210.82,0
2025-05-15 23:22:00+00:00,210.8016,210.87,210.8,210.869,0
2025-05-15 23:23:00+00:00,210.8,210.8683,210.8,210.8,0
2025-05-15 23:24:00+00:00,210.87,210.87,210.8,210.86,0
2025-05-15 23:25:00+00:00,210.87,210.9,210.87,210.87,0
2025-05-15 23:26:00+00:00,210.83,210.9,210.83,210.87,0
2025-05-15 23:27:00+00:00,210.85,210.85,210.85,210.85,0
2025-05-15 23:28:00+00:00,210.88,210.9,210.8317,210.8317,0
2025-05-15 23:30:00+00:00,210.83,210.89,210.83,210.89,0
2025-05-15 23:31:00+00:00,210.83,210.84,210.83,210.84,0
2025-05-15 23:32:00+00:00,210.83,210.83,210.83,210.83,0
2025-05-15 23:33:00+00:00,210.84,210.84,210.8398,210.84,0
2025-05-15 23:34:00+00:00,210.8794,210.89,210.84,210.84,0
2025-05-15 23:35:00+00:00,210.89,210.89,210.83,210.89,0
2025-05-15 23:36:00+00:00,210.84,210.9,210.84,210.89,0
2025-05-15 23:37:00+00:00,210.9,210.9,210.84,210.84,0
2025-05-15 23:38:00+00:00,210.8991,210.9,210.8991,210.9,0
2025-05-15 23:39:00+00:00,210.9,210.9,210.9,210.9,0
2025-05-15 23:40:00+00:00,210.84,210.86,210.84,210.86,0
2025-05-15 23:41:00+00:00,210.9585,210.9585,210.85,210.9585,0
2025-05-15 23:42:00+00:00,210.97,210.9892,210.96,210.96,0
2025-05-15 23:43:00+00:00,210.9894,210.9899,210.9601,210.98,0
2025-05-15 23:44:00+00:00,210.98,210.99,210.97,210.98,0
2025-05-15 23:45:00+00:00,211.03,211.1,210.96,210.999,0
2025-05-15 23:46:00+00:00,211.01,211.03,210.96,211.03,0
2025-05-15 23:47:00+00:00,211.09,211.09,211.09,211.09,0
2025-05-15 23:48:00+00:00,211.01,211.02,211.01,211.01,0
2025-05-15 23:49:00+00:00,211.01,211.1,211.01,211.0997,0
2025-05-15 23:50:00+00:00,211.01,211.05,211.0012,211.0012,0
2025-05-15 23:51:00+00:00,211.19,211.19,211.0025,211.0975,0
2025-05-15 23:52:00+00:00,211.0,211.1975,211.0,211.19,0
2025-05-15 23:53:00+00:00,211.1,211.1,211.1,211.1,0
2025-05-15 23:54:00+00:00,211.07,211.09,211.01,211.01,0
2025-05-15 23:55:00+00:00,211.07,211.07,211.05,211.05,0
2025-05-15 23:56:00+00:00,211.05,211.0787,211.01,211.07,0
2025-05-15 23:57:00+00:00,211.2399,211.25,211.01,211.07,0
2025-05-15 23:58:00+00:00,211.2,211.25,211.01,211.25,0
2025-05-15 23:59:00+00:00,211.15,211.15,211.01,211.01,0
